{
    "e": {
        "delphi_prompt": {
            "1.8208491802215576": 0.009999999776482582, 
            "1.9599158763885498": 0.006393746472895145, 
            "2.2002182006835938": 0.0031885786447674036, 
            "2.4570329189300537": 0.0016437181038782, 
            "2.8021318912506104": 0.0007671708590351045, 
            "3.032041549682617": 0.0004590611206367612, 
            "3.421736717224121": 0.00023275899002328515, 
            "3.902331829071045": 0.00011044993880204856, 
            "4.222510814666748": 7.17984585207887e-05, 
            "4.497467517852783": 4.9050955567508936e-05, 
            "4.94383430480957": 3.351041959831491e-05, 
            "5.406008243560791": 2.528585901018232e-05, 
            "5.973869323730469": 2.0727491573779844e-05, 
            "6.5323357582092285": 1.8766413631965406e-05, 
            "7.256556510925293": 1.7563226720085368e-05, 
            "8.23237419128418": 1.785659151209984e-05, 
            "9.388641357421875": 1.8458102204021998e-05, 
            "10.93484878540039": 1.8766413631965406e-05, 
            "12.536419868469238": 1.8766413631965406e-05, 
            "14.677992820739746": 1.9722594515769742e-05, 
            "17.005664825439453": 2.0727491573779844e-05, 
            "19.090702056884766": 2.1073710740893148e-05, 
            "21.431385040283203": 2.1783591364510357e-05, 
            "24.059053421020508": 2.3275899366126396e-05, 
            "28.616796493530273": 2.487043821020052e-05, 
            "32.63612747192383": 2.487043821020052e-05, 
            "38.61517333984375": 2.487043821020052e-05, 
            "42.671409606933594": 2.528585901018232e-05, 
            "46.415889739990234": 2.746938480413519e-05, 
            "51.56188201904297": 3.241838567191735e-05, 
            "56.38214111328125": 4.156282375333831e-05, 
            "61.00818634033203": 6.288704025791958e-05, 
            "65.32335662841797": 0.00010336856212234125, 
            "68.84930419921875": 0.00018458101840224117, 
            "71.80660247802734": 0.0003136193554382771, 
            "74.49826049804688": 0.0006185387610457838, 
            "77.29080963134766": 0.0011801642831414938, 
            "79.76759338378906": 0.0022517386823892593
        }, 
        "expected_17012_prompt": {
            "1.0": 4.5156248234e-05, 
            "2.0": 1.4726561858e-05, 
            "3.0": 1.11328117782e-05, 
            "4.0": 1.12109373731e-05, 
            "5.0": 1.03515621959e-05, 
            "6.0": 9.5703126135e-06, 
            "7.0": 1.05468743641e-05, 
            "8.0": 1.03515621959e-05, 
            "9.0": 9.41406233324e-06, 
            "10.0": 1.07421874418e-05, 
            "11.0": 1.08203121272e-05, 
            "12.0": 1.05078124761e-05, 
            "20.0": 9.5703126135e-06, 
            "30.0": 1.07421874418e-05, 
            "40.0": 1.29296868181e-05, 
            "50.0": 1.79687503987e-05, 
            "60.0": 3.67187494703e-05, 
            "70.0": 0.000335937482305, 
            "75.0": 0.00112499995157, 
            "85.0": 0.00412109354511, 
            "90.0": 0.00478515634313, 
            "100.0": 0.00505859358236, 
            "130.0": 0.00964843761176, 
            "150.0": 0.0140234371647, 
            "200.0": 0.017578125, 
            "400.0": 0.0690625011921, 
            "600.0": 0.199062496424, 
            "800.0": 0.476249992847, 
            "1000.0": 1.01625001431, 
            "1200.0": 1.88812494278
        }, 
        "observed_17012_displaced": {
            "1.0": 0.0135784, 
            "2.0": 0.00151879, 
            "3.0": 0.000447416, 
            "4.0": 0.000223742, 
            "5.0": 0.00011303, 
            "6.0": 7.23346e-05, 
            "7.0": 5.10346e-05, 
            "8.0": 3.77547e-05, 
            "9.0": 2.72229e-05, 
            "10.0": 2.33201e-05, 
            "11.0": 1.8688e-05, 
            "12.0": 1.75216e-05, 
            "20.0": 1.20661e-05, 
            "30.0": 1.60735453392e-05, 
            "40.0": 2.19736612053e-05, 
            "50.0": 3.3227403037e-05, 
            "60.0": 6.70456283842e-05, 
            "70.0": 0.000564675719943, 
            "75.0": 0.00186337635387, 
            "85.0": 0.00629086466506, 
            "90.0": 0.00622035656124, 
            "100.0": 0.00652450788766, 
            "130.0": 0.0109739722684, 
            "150.0": 0.0142639838159, 
            "200.0": 0.0135632818565, 
            "400.0": 0.0523753352463, 
            "600.0": 0.167424604297, 
            "800.0": 0.428148448467, 
            "1000.0": 0.949388027191, 
            "1200.0": 1.83976852894
        }, 
        "observed_17012_prompt": {
            "1.0": 4.43193603132e-05, 
            "2.0": 1.50110681716e-05, 
            "3.0": 1.11232584459e-05, 
            "4.0": 1.14097947517e-05, 
            "5.0": 1.0263481272e-05, 
            "6.0": 9.67611958913e-06, 
            "7.0": 1.06075258373e-05, 
            "8.0": 1.04734272099e-05, 
            "9.0": 9.41548296396e-06, 
            "10.0": 1.08572457975e-05, 
            "11.0": 1.11794370241e-05, 
            "12.0": 1.12819743663e-05, 
            "20.0": 1.20661316032e-05, 
            "30.0": 1.60735453392e-05, 
            "40.0": 2.19736612053e-05, 
            "50.0": 3.3227403037e-05, 
            "60.0": 6.70456283842e-05, 
            "70.0": 0.000564675719943, 
            "75.0": 0.00186337635387, 
            "85.0": 0.00629086466506, 
            "90.0": 0.00622035656124, 
            "100.0": 0.00652450788766, 
            "130.0": 0.0109739722684, 
            "150.0": 0.0142639838159, 
            "200.0": 0.0135632818565, 
            "400.0": 0.0523753352463, 
            "600.0": 0.167424604297, 
            "800.0": 0.428148448467, 
            "1000.0": 0.949388027191, 
            "1200.0": 1.83976852894
        }
    }, 
    "mu": {
        "delphi_prompt": {
            "1.8208491802215576": 0.009999999776482582, 
            "1.9599158763885498": 0.006393746472895145, 
            "2.2002182006835938": 0.0031885786447674036, 
            "2.4570329189300537": 0.0016437181038782, 
            "2.8021318912506104": 0.0007671708590351045, 
            "3.032041549682617": 0.0004590611206367612, 
            "3.421736717224121": 0.00023275899002328515, 
            "3.902331829071045": 0.00011044993880204856, 
            "4.222510814666748": 7.17984585207887e-05, 
            "4.497467517852783": 4.9050955567508936e-05, 
            "4.94383430480957": 3.351041959831491e-05, 
            "5.406008243560791": 2.528585901018232e-05, 
            "5.973869323730469": 2.0727491573779844e-05, 
            "6.5323357582092285": 1.8766413631965406e-05, 
            "7.256556510925293": 1.7563226720085368e-05, 
            "8.23237419128418": 1.785659151209984e-05, 
            "9.388641357421875": 1.8458102204021998e-05, 
            "10.93484878540039": 1.8766413631965406e-05, 
            "12.536419868469238": 1.8766413631965406e-05, 
            "14.677992820739746": 1.9722594515769742e-05, 
            "17.005664825439453": 2.0727491573779844e-05, 
            "19.090702056884766": 2.1073710740893148e-05, 
            "21.431385040283203": 2.1783591364510357e-05, 
            "24.059053421020508": 2.3275899366126396e-05, 
            "28.616796493530273": 2.487043821020052e-05, 
            "32.63612747192383": 2.487043821020052e-05, 
            "38.61517333984375": 2.487043821020052e-05, 
            "42.671409606933594": 2.528585901018232e-05, 
            "46.415889739990234": 2.746938480413519e-05, 
            "51.56188201904297": 3.241838567191735e-05, 
            "56.38214111328125": 4.156282375333831e-05, 
            "61.00818634033203": 6.288704025791958e-05, 
            "65.32335662841797": 0.00010336856212234125, 
            "68.84930419921875": 0.00018458101840224117, 
            "71.80660247802734": 0.0003136193554382771, 
            "74.49826049804688": 0.0006185387610457838, 
            "77.29080963134766": 0.0011801642831414938,